user_id,school,department
8196,SOE,CSE
1186,SOE,CSE
43550,SOE,CSE
6848,SOE,CSE
19778,SOE,CSE
51885,SOE,CSE
33410,SOE,CSE
6759,SOE,CSE
34282,SOE,CSE
5410,SOE,CSE
11932,SOE,CSE
29793,SOE,CSE
28251,SOE,CSE
44419,SOE,CSE
52997,SOE,CSE
4236,SOE,CSE
12339,SOE,CSE
9891,SOE,CSE
36796,SOE,CSE
33141,SOE,CSE
6573,SOE,CSE
18136,SOE,CSE
36336,SOE,CSE
17336,SOE,CSE
42886,SOE,CSE
25916,SOE,CSE
15987,SOE,CSE
8599,SOE,CSE
20627,SOE,CSE
2855,SOE,CSE
35820,SOE,CSE
43138,SOE,CSE
15225,SOE,CSE
36820,SOE,CSE
48187,SOE,CSE
51826,SOE,CSE
29663,SOE,CSE
10240,SOE,CSE
3272,SOE,CSE
16352,SOE,CSE
36427,SOE,CSE
18024,SOE,CSE
16293,SOE,CSE
9381,SOE,CSE
27597,SOE,CSE
11302,SOE,CSE
50679,SOE,CSE
1355,SOE,CSE
5070,SOE,CSE
43545,SOE,CSE
7500,SOE,CSE
12883,SOE,CSE
2743,SOE,CSE
53191,SOE,CSE
13989,SOE,CSE
28896,SOE,CSE
29932,SOE,CSE
375,SOE,CSE
16032,SOE,CSE
12561,SOE,CSE
20645,SOE,CSE
47486,SOE,CSE
19340,SOE,CSE
46924,SOE,CSE
34660,SOE,CSE
40532,SOE,CSE
49084,SOE,CSE
2193,SOE,CSE
38971,SOE,CSE
1228,SOE,CSE
14728,SOE,CSE
13106,SOE,CSE
21042,SOE,CSE
34998,SOE,CSE
33804,SOE,CSE
24764,SOE,CSE
33051,SOE,CSE
37197,SOE,CSE
41092,SOE,CSE
48514,SOE,CSE
52251,SOE,CSE
52367,SOE,CSE
15764,SOE,CSE
15047,SOE,CSE
32562,SOE,CSE
14724,SOE,CSE
25495,SOE,CSE
8148,SOE,CSE
10362,SOE,CSE
18904,SOE,CSE
48662,SOE,CSE
37904,SOE,CSE
50287,SOE,CSE
4311,SOE,CSE
33266,SOE,CSE
47545,SOE,CSE
21532,SOE,CSE
35560,SOE,CSE
25232,SOE,CSE
46040,SOE,CSE
11425,SOE,CSE
23120,SOE,CSE
39854,SOE,CSE
23142,SOE,CSE
50383,SOE,CSE
6926,SOE,CSE
52403,SOE,CSE
39755,SOE,CSE
5770,SOE,CSE
23167,SOE,CSE
12987,SOE,CSE
21260,SOE,CSE
497,SOE,CSE
15174,SOE,CSE
52889,SOE,CSE
17601,SOE,CSE
8337,SOE,CSE
28380,SOE,CSE
29608,SOE,CSE
46936,SOE,CSE
26378,SOE,CSE
44969,SOE,CSE
46188,SOE,CSE
6014,SOE,CSE
16120,SOE,CSE
46379,SOE,CSE
16758,SOE,CSE
6571,SOE,CSE
27477,SOE,CSE
25073,SOE,CSE
53204,SOE,CSE
50141,SOE,CSE
40455,SOE,CSE
30874,SOE,CSE
9253,SOE,CSE
22635,SOE,CSE
40900,SOE,CSE
16717,SOE,CSE
15184,SOE,CSE
52255,SOE,CSE
2793,SOE,CSE
38623,SOE,CSE
6226,SOE,CSE
3170,SOE,CSE
15110,SOE,CSE
9080,SOE,CSE
51279,SOE,CSE
3470,SOE,CSE
21913,SOE,CSE
49704,SOE,CSE
51682,SOE,CSE
8379,SOE,CSE
12291,SOE,CSE
12758,SOE,CSE
35491,SOE,CSE
27588,SOE,CSE
11976,SOE,CSE
4786,SOE,CSE
51553,SOE,CSE
31144,SOE,CSE
3776,SOE,CSE
31186,SOE,CSE
5669,SOE,CSE
3079,SOE,CSE
25560,SOE,CSE
28732,SOE,CSE
7597,SOE,CSE
24376,SOE,CSE
6684,SOE,CSE
37402,SOE,CSE
53136,SOE,CSE
31622,SOE,CSE
16951,SOE,CSE
26437,SOE,CSE
13726,SOE,CSE
31034,SOE,CSE
27107,SOE,CSE
26160,SOE,CSE
25564,SOE,CSE
15181,SOE,CSE
9682,SOE,CSE
37575,SOE,CSE
43068,SOE,CSE
13178,SOE,CSE
39503,SOE,CSE
45421,SOE,CSE
48017,SOE,CSE
44286,SOE,CSE
2442,SOE,CSE
8989,SOE,CSE
27921,SOE,CSE
45184,SOE,CSE
6092,SOE,CSE
16414,SOE,CSE
28312,SOE,CSE
30833,SOE,CSE
38042,SOE,CSE
41146,SOE,CSE
52476,SOE,CSE
29172,SOE,CSE
19594,SOE,CSE
25235,SOE,CSE
22037,SOE,CSE
8795,SOE,CSE
19574,SOE,CSE
6072,SOE,CSE
20171,SOE,CSE
19121,SOE,CSE
26521,SOE,CSE
16042,SOE,CSE
45488,SOE,CSE
20617,SOE,CSE
17757,SOE,CSE
36933,SOE,CSE
24635,SOE,CSE
36971,SOE,CSE
53208,SOE,CSE
46648,SOE,CSE
6335,SOE,CSE
30667,SOE,CSE
44856,SOE,CSE
10461,SOE,CSE
11283,SOE,CSE
30400,SOE,CSE
41986,SOE,CSE
33073,SOE,CSE
9667,SOE,CSE
41249,SOE,CSE
276,SOE,CSE
14990,SOE,CSE
31807,SOE,CSE
26222,SOE,CSE
36242,SOE,CSE
24304,SOE,CSE
23693,SOE,CSE
25358,SOE,CSE
8716,SOE,CSE
13465,SOE,CSE
5507,SOE,CSE
53267,SOE,CSE
15306,SOE,CSE
14949,SOE,CSE
48322,SOE,CSE
36344,SOE,CSE
41116,SOE,CSE
25379,SOE,CSE
29588,SOE,CSE
51860,SOE,CSE
41672,SOE,CSE
14595,SOE,CSE
31989,SOE,CSE
6616,SOE,CSE
37472,SOE,CSE
47369,SOE,CSE
24630,SOE,CSE
46536,SOE,CSE
37475,SOE,CSE
21199,SOE,CSE
2265,SOE,CSE
37362,SOE,CSE
3004,SOE,CSE
42848,SOE,CSE
17723,SOE,CSE
47156,SOE,CSE
25050,SOE,CSE
801,SOE,CSE
9178,SOE,CSE
11590,SOE,CSE
51662,SOE,CSE
52179,SOE,CSE
35093,SOE,CSE
18142,SOE,CSE
24631,SOE,CSE
30050,SOE,CSE
35680,SOE,CSE
30728,SOE,CSE
45819,SOE,CSE
47896,SOE,CSE
12503,SOE,CSE
45956,SOE,CSE
8073,SOE,CSE
13275,SOE,CSE
13418,SOE,CSE
9003,SOE,CSE
46144,SOE,CSE
38531,SOE,CSE
24473,SOE,CSE
10974,SOE,CSE
3142,SOE,CSE
13176,SOE,CSE
4649,SOE,CSE
18355,SOE,CSE
15860,SOE,CSE
30516,SOE,CSE
13872,SOE,CSE
47909,SOE,CSE
28326,SOE,CSE
35575,SOE,CSE
26643,SOE,CSE
1631,SOE,CSE
14824,SOE,CSE
12256,SOE,CSE
30016,SOE,CSE
26611,SOE,CSE
15496,SOE,CSE
13022,SOE,CSE
11474,SOE,CSE
5904,SOE,CSE
7228,SOE,CSE
18032,SOE,CSE
30405,SOE,CSE
31802,SOE,CSE
194,SOE,CSE
1888,SOE,CSE
239,SOE,CSE
178,SOE,CSE
2737,SOE,CSE
41386,SOE,CSE
12274,SOE,CSE
20264,SOE,CSE
9024,SOE,CSE
28995,SOE,CSE
131,SOE,CSE
50900,SOE,CSE
22177,SOE,CSE
29700,SOE,CSE
21802,SOE,CSE
21591,SOE,CSE
21870,SOE,CSE
31727,SOE,CSE
44597,SOE,CSE
18975,SOE,CSE
24406,SOE,CSE
17216,SOE,CSE
36917,SOE,CSE
13636,SOE,CSE
22908,SOE,CSE
46172,SOE,CSE
47176,SOE,CSE
32934,SOE,CSE
13256,SOE,CSE
4602,SOE,CSE
17567,SOE,CSE
4689,SOE,CSE
51911,SOE,CSE
35103,SOE,CSE
46229,SOE,CSE
30295,SOE,CSE
1019,SOE,CSE
19189,SOE,CSE
41015,SOE,CSE
9130,SOE,CSE
45068,SOE,CSE
1299,SOE,CSE
10378,SOE,CSE
17922,SOE,CSE
44934,SOE,CSE
12102,SOE,CSE
32760,SOE,CSE
21409,SOE,CSE
45332,SOE,CSE
25314,SOE,CSE
42058,SOE,CSE
36100,SOE,CSE
14927,SOE,CSE
7086,SOE,CSE
14693,SOE,CSE
20777,SOE,CSE
5690,SOE,CSE
29485,SOE,CSE
15139,SOE,CSE
24307,SOE,CSE
48313,SOE,CSE
15491,SOE,CSE
37496,SOE,CSE
45307,SOE,CSE
29357,SOE,CSE
1490,SOE,CSE
7267,SOE,CSE
40294,SOE,CSE
38662,SOE,CSE
29624,SOE,CSE
31859,SOE,CSE
30672,SOE,CSE
38164,SOE,CSE
42017,SOE,CSE
31639,SOE,CSE
1610,SOE,CSE
18589,SOE,CSE
1931,SOE,CSE
47378,SOE,CSE
22198,SOE,CSE
43829,SOE,CSE
50530,SOE,CSE
46894,SOE,CSE
12850,SOE,CSE
20562,SOE,CSE
41224,SOE,CSE
38446,SOE,CSE
43412,SOE,CSE
53116,SOE,CSE
7008,SOE,CSE
47873,SOE,CSE
25333,SOE,CSE
29182,SOE,CSE
11626,SOE,CSE
33555,SOE,CSE
12029,SOE,CSE
14722,SOE,CSE
15354,SOE,CSE
23868,SOE,CSE
16817,SOE,CSE
25096,SOE,CSE
7019,SOE,CSE
13731,SOE,CSE
11254,SOE,CSE
17779,SOE,CSE
23465,SOE,CSE
33219,SOE,CSE
24264,SOE,CSE
32382,SOE,CSE
29136,SOE,CSE
49194,SOE,CSE
86,SOE,CSE
1895,SOE,CSE
52954,SOE,CSE
38826,SOE,CSE
11395,SOE,CSE
9351,SOE,CSE
7188,SOE,CSE
5812,SOE,CSE
39389,SOE,CSE
11902,SOE,CSE
16675,SOE,CSE
4888,SOE,CSE
15738,SOE,CSE
12347,SOE,CSE
33698,SOE,CSE
13505,SOE,CSE
8500,SOE,CSE
24627,SOE,CSE
52884,SOE,CSE
25879,SOE,CSE
29564,SOE,CSE
36279,SOE,CSE
44601,SOE,CSE
38237,SOE,CSE
22933,SOE,CSE
1563,SOE,CSE
26644,SOE,CSE
51919,SOE,CSE
12894,SOE,CSE
36101,SOE,CSE
44378,SOE,CSE
10870,SOE,CSE
43278,SOE,CSE
42282,SOE,CSE
24451,SOE,CSE
38517,SOE,CSE
6356,SOE,CSE
49436,SOE,CSE
2795,SOE,CSE
41378,SOE,CSE
8767,SOE,CSE
39391,SOE,CSE
45944,SOE,CSE
17921,SOE,CSE
45272,SOE,CSE
23319,SOE,CSE
12011,SOE,CSE
12159,SOE,CSE
38324,SOE,CSE
4494,SOE,CSE
1492,SOE,CSE
52720,SOE,CSE
49511,SOE,CSE
17743,SOE,CSE
44354,SOE,CSE
11186,SOE,CSE
50522,SOE,CSE
8961,SOE,CSE
50010,SOE,CSE
46865,SOE,CSE
19610,SOE,CSE
25219,SOE,CSE
42401,SOE,CSE
34552,SOE,CSE
15839,SOE,CSE
47727,SOE,CSE
24106,SOE,CSE
15397,SOE,CSE
3614,SOE,CSE
49741,SOE,CSE
27436,SOE,CSE
20255,SOE,CSE
25769,SOE,CSE
12547,SOE,CSE
24387,SOE,CSE
11409,SOE,CSE
26120,SOE,CSE
17055,SOE,CSE
41245,SOE,CSE
33321,SOE,CSE
24164,SOE,CSE
34018,SOE,CSE
9188,SOE,CSE
34425,SOE,CSE
33533,SOE,CSE
9928,SOE,CSE
17279,SOE,CSE
34652,SOE,CSE
43907,SOE,CSE
48022,SOE,CSE
37766,SOE,CSE
12866,SOE,CSE
17811,SOE,CSE
31416,SOE,CSE
29945,SOE,CSE
13560,SOE,CSE
12479,SOE,CSE
3173,SOE,CSE
10334,SOE,CSE
2035,SOE,CSE
6,SOE,EE
34686,SOE,EE
31959,SOE,EE
10776,SOE,EE
52016,SOE,EE
47499,SOE,EE
12844,SOE,EE
49091,SOE,EE
44715,SOE,EE
33814,SOE,EE
37103,SOE,EE
22927,SOE,EE
24526,SOE,EE
5716,SOE,EE
48055,SOE,EE
7208,SOE,EE
25968,SOE,EE
24991,SOE,EE
522,SOE,EE
588,SOE,EE
18063,SOE,EE
52701,SOE,EE
37108,SOE,EE
2327,SOE,EE
36031,SOE,EE
48613,SOE,EE
10125,SOE,EE
20325,SOE,EE
508,SOE,EE
14452,SOE,EE
21469,SOE,EE
21748,SOE,EE
51036,SOE,EE
24950,SOE,EE
51555,SOE,EE
9851,SOE,EE
1391,SOE,EE
28862,SOE,EE
19431,SOE,EE
19282,SOE,EE
38757,SOE,EE
48039,SOE,EE
22016,SOE,EE
25733,SOE,EE
10872,SOE,EE
32438,SOE,EE
28148,SOE,EE
24951,SOE,EE
12787,SOE,EE
48355,SOE,EE
48310,SOE,EE
4827,SOE,EE
41191,SOE,EE
1034,SOE,EE
33101,SOE,EE
2084,SOE,EE
3419,SOE,EE
12490,SOE,EE
23012,SOE,EE
5735,SOE,EE
16221,SOE,EE
26455,SOE,EE
20983,SOE,EE
7339,SOE,EE
5432,SOE,EE
30814,SOE,EE
23788,SOE,EE
1447,SOE,EE
19056,SOE,EE
21198,SOE,EE
13479,SOE,EE
51699,SOE,EE
48390,SOE,EE
9799,SOE,EE
18020,SOE,EE
21727,SOE,EE
1732,SOE,EE
427,SOE,EE
45144,SOE,EE
50923,SOE,EE
38935,SOE,EE
44077,SOE,EE
15999,SOE,EE
32682,SOE,EE
40589,SOE,EE
17556,SOE,EE
23575,SOE,EE
2156,SOE,EE
47208,SOE,EE
37594,SOE,EE
11296,SOE,EE
52612,SOE,EE
18932,SOE,EE
38108,SOE,EE
24431,SOE,EE
51875,SOE,EE
28141,SOE,EE
10969,SOE,EE
17925,SOE,EE
17982,SOE,EE
26189,SOE,EE
23900,SOE,EE
20500,SOE,EE
40045,SOE,EE
40521,SOE,EE
44322,SOE,EE
23682,SOE,EE
40401,SOE,EE
12782,SOE,EE
52523,SOE,EE
29759,SOE,EE
44678,SOE,EE
23387,SOE,EE
44725,SOE,EE
23724,SOE,EE
41434,SOE,EE
9299,SOE,EE
47211,SOE,EE
23211,SOE,EE
42107,SOE,EE
52793,SOE,EE
8339,SOE,EE
52287,SOE,EE
33057,SOE,EE
21485,SOE,EE
34231,SOE,EE
11548,SOE,EE
16777,SOE,EE
8753,SOE,EE
45978,SOE,EE
35829,SOE,EE
10482,SOE,EE
36422,SOE,EE
31666,SOE,EE
52974,SOE,EE
45252,SOE,EE
46213,SOE,EE
41719,SOE,EE
9203,SOE,EE
44132,SOE,EE
40978,SOE,EE
27390,SOE,EE
12043,SOE,EE
51859,SOE,EE
18533,SOE,EE
8738,SOE,EE
30248,SOE,EE
666,SOE,EE
29262,SOE,EE
11205,SOE,EE
35090,SOE,EE
42711,SOE,EE
35456,SOE,EE
28839,SOE,EE
44882,SOE,EE
46662,SOE,EE
7099,SOE,EE
20136,SOE,EE
24827,SOE,EE
39507,SOE,EE
5931,SOE,EE
42646,SOE,EE
9323,SOE,EE
3168,SOE,EE
34105,SOE,EE
6423,SOE,EE
49264,SOE,EE
27776,SOE,EE
24604,SOE,EE
38750,SOE,EE
20453,SOE,EE
20806,SOE,EE
26807,SOE,EE
2249,SOE,EE
34894,SOE,EE
19357,SOE,EE
8749,SOE,EE
10600,SOE,EE
5839,SOE,EE
31431,SOE,EE
9422,SOE,EE
47842,SOE,EE
39586,SOE,EE
24921,SOE,EE
19310,SOE,EE
31895,SOE,EE
24462,SOE,EE
32766,SOE,EE
45111,SOE,EE
46826,SOE,EE
19427,SOE,EE
15725,SOE,EE
11211,SOE,EE
47128,SOE,EE
36141,SOE,EE
34676,SOE,EE
47550,SOE,EE
26738,SOE,EE
29683,SOE,EE
5928,SOE,EE
26506,SOE,EE
28939,SOE,EE
26147,SOE,EE
19218,SOE,EE
16552,SOE,EE
3825,SOE,EE
39718,SOE,EE
12493,SOE,EE
32727,SOE,EE
46907,SOE,EE
19979,SOE,EE
19348,SOE,EE
1920,SOE,EE
12428,SOE,EE
32343,SOE,EE
45073,SOE,EE
448,SOE,EE
30538,SOE,EE
21049,SOE,EE
15257,SOE,EE
33893,SOE,EE
45165,SOE,EE
7283,SOE,EE
38271,SOE,EE
51916,SOE,EE
23993,SOE,EE
32718,SOE,EE
45991,SOE,EE
17325,SOE,EE
9010,SOE,EE
50005,SOE,EE
29409,SOE,EE
31151,SOE,EE
5139,SOE,EE
21690,SOE,EE
17165,SOE,EE
26670,SOE,EE
8208,SOE,EE
11051,SOE,EE
46474,SOE,EE
40850,SOE,EE
23445,SOE,EE
29665,SOE,EE
21669,SOE,EE
10721,SOE,EE
5994,SOE,EE
35349,SOE,EE
13400,SOE,EE
3559,SOE,EE
42894,SOE,EE
33053,SOE,EE
7774,SOE,EE
41278,SOE,EE
40519,SOE,EE
49262,SOE,EE
1884,SOE,EE
47969,SOE,EE
24196,SOE,EE
8022,SOE,EE
10473,SOE,EE
40550,SOE,EE
51099,SOE,EE
45205,SOE,EE
48534,SOE,EE
30883,SOE,EE
25218,SOE,EE
14867,SOE,EE
46265,SOE,EE
50204,SOE,EE
24464,SOE,EE
41627,SOE,EE
12374,SOE,EE
19015,SOE,EE
1859,SOE,EE
7104,SOE,EE
17008,SOE,EE
21213,SOE,EE
10404,SOE,EE
20507,SOE,EE
5103,SOE,EE
23025,SOE,ME
35539,SOE,ME
6276,SOE,ME
45059,SOE,ME
19044,SOE,ME
36886,SOE,ME
33474,SOE,ME
4822,SOE,ME
22609,SOE,ME
10586,SOE,ME
14654,SOE,ME
10046,SOE,ME
27520,SOE,ME
14165,SOE,ME
12434,SOE,ME
9124,SOE,ME
8641,SOE,ME
12122,SOE,ME
42628,SOE,ME
14741,SOE,ME
15054,SOE,ME
17111,SOE,ME
6225,SOE,ME
49601,SOE,ME
47704,SOE,ME
15626,SOE,ME
51326,SOE,ME
46487,SOE,ME
28512,SOE,ME
33111,SOE,ME
36994,SOE,ME
49990,SOE,ME
5631,SOE,ME
9797,SOE,ME
44425,SOE,ME
12198,SOE,ME
22390,SOE,ME
13372,SOE,ME
21816,SOE,ME
28795,SOE,ME
37202,SOE,ME
12843,SOE,ME
33196,SOE,ME
43107,SOE,ME
36476,SOE,ME
9041,SOE,ME
27929,SOE,ME
12081,SOE,ME
13421,SOE,ME
35308,SOE,ME
37899,SOE,ME
35784,SOE,ME
31351,SOE,ME
29749,SOE,ME
41220,SOE,ME
36816,SOE,ME
24283,SOE,ME
25012,SOE,ME
40690,SOE,ME
50843,SOE,ME
44324,SOE,ME
37834,SOE,ME
11030,SOE,ME
38101,SOE,ME
635,SOE,ME
1005,SOE,ME
2497,SOE,ME
30019,SOE,ME
6878,SOE,ME
32169,SOE,ME
31203,SOE,ME
2560,SOE,ME
35455,SOE,ME
38166,SOE,ME
23472,SOE,ME
33460,SOE,ME
10234,SOE,ME
15288,SOE,ME
50622,SOE,ME
28218,SOE,ME
32395,SOE,ME
10161,SOE,ME
18663,SOE,ME
18982,SOE,ME
12642,SOE,ME
15171,SOE,ME
28802,SOE,ME
43575,SOE,ME
964,SOE,ME
31319,SOE,ME
46003,SOE,ME
3801,SOE,ME
48224,SOE,ME
47132,SOE,ME
42588,SOE,ME
29407,SOE,ME
42664,SOE,ME
28242,SOE,ME
21345,SOE,ME
13251,SOE,ME
7091,SOE,ME
48405,SOE,ME
41810,SOE,ME
11710,SOE,ME
36505,SOE,ME
32501,SOE,ME
35421,SOE,ME
10885,SOE,ME
33937,SOE,ME
20079,SOE,ME
46570,SOE,ME
18888,SOE,ME
7931,SOE,ME
3709,SOE,ME
6821,SOE,ME
45765,SOE,ME
36129,SOE,ME
17276,SOE,ME
10398,SOE,ME
24014,SOE,ME
17394,SOE,ME
20786,SOE,ME
23501,SOE,ME
7318,SOE,ME
18222,SOE,ME
31789,SOE,ME
49993,SOE,ME
29304,SOE,ME
33513,SOE,ME
18717,SOE,ME
23362,SOE,ME
37160,SOE,ME
18264,SOE,ME
14078,SOE,ME
10774,SOE,ME
53397,SOE,ME
10107,SOE,ME
26532,SOE,ME
11772,SOE,ME
41109,SOE,ME
43132,SOE,ME
26542,SOE,ME
18703,SOE,ME
42257,SOE,ME
52940,SOE,ME
6199,SOE,ME
18492,SOE,ME
28462,SOE,ME
44084,SOE,ME
2765,SOE,ME
33520,SOE,ME
11052,SOE,ME
16691,SOE,ME
21570,SOE,ME
25983,SOE,ME
41693,SOE,ME
36540,SOE,ME
35890,SOE,ME
28975,SOE,ME
52728,SOE,ME
49249,SOE,ME
699,SOE,ME
40973,SOE,ME
18731,SOE,ME
5707,SOE,ME
51745,SOE,ME
42000,SOE,ME
53223,SOE,ME
41799,SOE,ME
24166,SOE,ME
22863,SOE,ME
28706,SOE,ME
12783,SOE,ME
51889,SOE,ME
15544,SOE,ME
30776,SOE,ME
46343,SOE,ME
8772,SOE,ME
30477,SOE,ME
25715,SOE,ME
18575,SOE,ME
17647,SOE,ME
26048,SOE,ME
28367,SOE,ME
4816,SOE,ME
52719,SOE,ME
16080,SOE,ME
18202,SOE,ME
39672,SOE,ME
27359,SOE,ME
23129,SOE,ME
5323,SOE,ME
41157,SOE,ME
10645,SOE,ME
15389,SOE,ME
38990,SOE,ME
24821,SOE,ME
15292,SOE,ME
34073,SOE,ME
1575,SOE,ME
15234,SOE,ME
32356,SOE,ME
25582,SOE,ME
23296,SOE,ME
15128,SOE,ME
32826,SOE,ME
43454,SOE,ME
7356,SOE,ME
815,SOE,ME
863,SOE,ME
2549,SOE,ME
5811,SOE,ME
24469,SOE,ME
22450,SOE,ME
46082,SOE,ME
8756,SOE,ME
39223,SOE,ME
41881,SOE,ME
7673,SOE,ME
41885,SOE,ME
44720,SOE,ME
25556,SOE,ME
43529,SOE,ME
49913,SOE,ME
11048,SOE,ME
18386,SOE,ME
35330,SOE,ME
7122,SOE,ME
6095,SOE,ME
1600,SOE,ME
2125,SOE,ME
1977,SOE,ME
14478,SOE,ME
39971,SOE,ME
10534,SOE,ME
19115,SOE,ME
10022,SOE,ME
43538,SOE,ME
7083,SOE,ME
5982,SOE,ME
5141,SOE,ME
7805,SOE,ME
26630,SOE,ME
5862,SOE,ME
48548,SOE,ME
9610,SOE,ME
15818,SOE,ME
51893,SOE,ME
50202,SOE,ME
52768,SOE,ME
47267,SOE,ME
49966,SOE,ME
49705,SOE,ME
37770,SOE,ME
34400,SOE,ME
25547,SOE,ME
49166,SOE,ME
50881,SOE,ME
23754,SOE,ME
25699,SOE,ME
34464,SOE,ME
17995,SOE,ME
40001,SOE,ME
38057,SOE,ME
10752,SOE,ME
30843,SOE,ME
33765,SOE,ME
19339,SOE,ME
15505,SOE,ME
16585,SOE,ME
22050,SOE,ME
24332,SOE,ME
14124,SOE,ME
26121,SOE,ME
27290,SOE,ME
1540,SOE,ME
47879,SOE,ME
4048,SOE,ME
12995,SOE,ME
10056,SOE,ME
34909,SOE,ME
49591,SOE,ME
13468,SOE,ME
24070,SOE,ME
5805,SOE,ME
32289,SOE,ME
28972,SOE,ME
29191,SOE,ME
15485,SOE,ME
53238,SOE,ME
14006,SOE,ME
24476,SOE,ME
33976,SOE,ME
16115,SOE,ME
11360,SOE,ME
40605,SOE,ME
5977,SOE,ME
48422,SOE,ME
24187,SOE,ME
26471,SOE,ME
13706,SOE,ME
44310,SOE,ME
34774,SOE,ME
37388,SOE,ME
40874,SOE,ME
34596,SOE,ME
37271,SOE,ME
39923,SOE,ME
26093,SOE,ME
3924,SOE,ME
26442,SOE,ME
3323,SOE,ME
5958,SOE,ME
51621,SOE,ME
9090,SOE,ME
2486,SOE,ME
20022,SOE,ME
20337,SOE,ME
12501,SOE,ME
1326,SOE,ME
3481,SOE,ME
2288,SOE,ME
18004,SOE,ME
34683,SOE,ME
39170,SOE,ME
21571,SOE,ME
44450,SOE,ME
26919,SOE,ME
45364,SOE,ME
34462,SOE,ME
18176,SOE,ME
38167,SOE,ME
37711,SOE,ME
31886,SOE,ME
39288,SOE,ME
20013,SOE,ME
33984,SOE,ME
31755,SOE,ME
35717,SOE,ME
718,SOE,ME
50352,SOE,ME
10595,SOE,ME
2726,SOE,ME
28785,SOE,ME
28468,SOE,ME
4540,SOE,ME
13839,SOE,ME
26286,SOE,ME
9763,SOE,ME
23292,SOE,ME
11671,SOE,ME
31067,SOE,ME
32293,SOE,ME
15218,SOE,ME
9102,SOE,ME
36488,SOE,ME
45321,SOE,ME
49852,SOE,ME
27594,SOE,ME
50171,SOE,ME
27999,SOE,ME
19303,SOE,ME
6508,SOE,ME
9745,SOE,ME
48312,SOE,ME
32991,SOE,ME
11288,SOE,ME
36582,SOE,ME
18722,SOE,ME
14872,SOE,ME
35005,SOE,ME
3346,SOE,ME
10851,SOE,ME
7798,SOE,ME
17939,SOE,ME
37912,SOE,ME
21373,SOE,ME
2211,SOE,ME
52006,SOE,ME
32910,SOE,ME
37313,SOE,ME
37423,SOE,ME
23929,SOE,ME
13020,SOE,ME
19028,SOE,ME
25222,SOE,ME
19674,SOE,ME
52381,SOE,ME
47638,SOE,ME
37094,SOE,ME
14675,SOE,ME
25257,SOE,ME
48247,SOE,ME
33161,SOE,ME
38235,SOE,ME
42292,SOE,ME
40470,SOE,ME
43835,SOE,ME
87,SOE,ME
12055,SOE,ME
4250,SOE,ME
48262,SOE,ME
18623,SOE,ME
47157,SOE,ME
44667,SOE,ME
17745,SOE,ME
45777,SOE,ME
15581,SOE,ME
48057,SOE,ME
38066,SOE,ME
3133,SOE,ME
38700,SOE,ME
48091,SOE,ME
24707,SOE,ME
39813,SOE,ME
10216,SOE,ME
29168,SOE,ME
27614,SOE,ME
41309,SOE,ME
2705,SOE,ME
10971,SOE,ME
4672,SOE,ME
27087,SOE,ME
3510,SOE,ME
42920,SOE,ME
46447,SOE,ME
6077,SOE,ME
5505,SOE,ME
27979,SOE,ME
6972,SOE,ME
9301,SOE,ME
16723,SOE,ME
21350,SOE,ME
38675,SOE,ME
18853,SOE,ME
14870,SOE,ME
35724,SOE,ME
8405,SOE,ME
21664,SOE,ME
16703,SOE,ME
29490,SOE,ME
48101,SOE,ME
15259,SOE,ME
4532,SOE,ME
45579,SOE,ME
24852,SOE,ME
45702,SOE,ME
31030,SOE,ME
30930,SOE,ME
37037,SOE,ME
46578,SOE,ME
15703,SOE,ME
40159,SOE,ME
35569,SOE,ME
52181,SOE,ME
24682,SOE,ME
50132,SOE,ME
17169,SOE,ME
25850,SOE,ME
17637,SOE,ME
3655,SOE,ME
14577,SOE,ME
43329,SOE,ME
15484,SOE,ME
22349,SOE,ME
52377,SOE,ME
38092,SOE,ME
16406,SOE,ME
10047,SOE,ME
40815,SOE,ME
39251,SOE,ME
20600,SOE,ME
33472,SOE,ME
40165,SOE,ME
30445,SOE,ME
46170,SOE,ME
33585,SOE,ME
34104,SOE,ME
39907,SOE,ME
45209,SOE,ME
14953,SOE,ME
27757,SOE,ME
24519,SOE,ME
21755,SOE,ME
50442,SOE,ME
2596,SOE,ME
30014,SOE,ME
25169,SOE,ME
49663,SOE,ME
6467,SOE,ME
49737,SOE,ME
9410,SOE,ME
3839,SOE,ME
8383,SOE,ME
28666,SOE,ME
7075,SOE,ME
27638,SOE,ME
28707,SOE,ME
15188,SOE,ME
26562,SOE,ME
5674,SOE,ME
15710,SOE,ME
30342,SOE,ME
33502,SOE,ME
46351,SOE,ME
41950,SOE,ME
10293,SOE,ME
27365,SOE,ME
41407,SOE,ME
33310,SOE,ME
24341,SOE,ME
23311,SOE,ME
6134,SOE,ME
35664,SOE,ME
14942,SOE,ME
23124,SOE,ME
25910,SOE,ME
50680,SOE,ME
46108,SOE,ME
25106,SOE,ME
36622,SOE,Civil
48902,SOE,Civil
857,SOE,Civil
26116,SOE,Civil
42706,SOE,Civil
26928,SOE,Civil
27228,SOE,Civil
19037,SOE,Civil
46338,SOE,Civil
49162,SOE,Civil
4255,SOE,Civil
36211,SOE,Civil
41190,SOE,Civil
21946,SOE,Civil
15490,SOE,Civil
46184,SOE,Civil
23412,SOE,Civil
17044,SOE,Civil
4739,SOE,Civil
33745,SOE,Civil
11039,SOE,Civil
8896,SOE,Civil
6311,SOE,Civil
12842,SOE,Civil
15894,SOE,Civil
33129,SOE,Civil
15622,SOE,Civil
33029,SOE,Civil
25772,SOE,Civil
17268,SOE,Civil
12763,SOE,Civil
24832,SOE,Civil
6130,SOE,Civil
20581,SOE,Civil
13089,SOE,Civil
33737,SOE,Civil
18940,SOE,Civil
12154,SOE,Civil
46128,SOE,Civil
53105,SOE,Civil
15888,SOE,Civil
15721,SOE,Civil
25857,SOE,Civil
47850,SOE,Civil
43294,SOE,Civil
49196,SOE,Civil
52961,SOE,Civil
4733,SOE,Civil
4935,SOE,Civil
51496,SOE,Civil
48575,SOE,Civil
35196,SOE,Civil
16501,SOE,Civil
52711,SOE,Civil
24875,SOE,Civil
34221,SOE,Civil
36602,SOE,Civil
44855,SOE,Civil
7728,SOE,Civil
47731,SOE,Civil
21387,SOE,Civil
39365,SOE,Civil
24179,SOE,Civil
17949,SOE,Civil
46905,SOE,Civil
44483,SOE,Civil
23945,SOE,Civil
39707,SOE,Civil
13600,SOE,Civil
8533,SOE,Civil
1803,SOE,Civil
18553,SOE,Civil
7241,SOE,Civil
52011,SOE,Civil
47137,SOE,Civil
26740,SOE,Civil
20112,SOE,Civil
35497,SOE,Civil
50629,SOE,Civil
38051,SOE,Civil
34235,SOE,Civil
26035,SOE,Civil
39627,SOE,Civil
6835,SOE,Civil
6774,SOE,Civil
50185,SOE,Civil
50621,SOE,Civil
29461,SOE,Civil
13345,SOE,Civil
21547,SOE,Civil
30704,SOE,Civil
16523,SOE,Civil
19711,SOE,Civil
8919,SOE,Civil
22988,SOE,Civil
38076,SOE,Civil
45255,SOE,Civil
19253,SOE,Civil
9605,SOE,Civil
23636,SOE,Civil
19855,SOE,Civil
2817,SOE,Civil
33180,SOE,Civil
40712,SOE,Civil
32371,SOE,Civil
28519,SOE,Civil
47278,SOE,Civil
13964,SOE,Civil
17106,SOE,Civil
3662,SOE,Civil
32904,SOE,Civil
5143,SOE,Civil
36934,SOE,Civil
41123,SOE,Civil
33822,SOE,Civil
47177,SOE,Civil
50527,SOE,Civil
32957,SOE,Civil
30624,SOE,Civil
1684,SOE,Civil
9285,SOE,Civil
28517,SOE,Civil
16140,SOE,Civil
7622,SOE,Civil
28879,SOE,Civil
40280,SOE,Civil
5067,SOE,Civil
49502,SOE,Civil
26480,SOE,Civil
24117,SOE,Civil
20223,SOE,Civil
8097,SOE,Civil
21442,SOE,Civil
1892,SOE,Civil
5434,SOE,Civil
39183,SOE,Civil
23373,SOE,Civil
39116,SOE,Civil
23229,SOE,Civil
14735,SOE,Civil
5363,SOE,Civil
46047,SOE,Civil
30982,SOE,Civil
21609,SOE,Civil
29792,SOE,Civil
30309,SOE,Civil
48982,SOE,Civil
45585,SOE,Civil
48730,SOE,Civil
43473,SOE,Civil
39539,SOE,Civil
33820,SOE,Civil
36346,SOE,Civil
1933,SOE,Civil
13698,SOE,Civil
16000,SOE,Civil
30182,SOE,Civil
4745,SOE,Civil
50261,SOE,Civil
23842,SOE,Civil
33767,SOE,Civil
20129,SOE,Civil
37376,SOE,Civil
2093,SOE,Civil
3423,SOE,Civil
13888,SOE,Civil
409,SOE,Civil
45514,SOE,Civil
41641,SOE,Civil
33851,SOE,Civil
33213,SOE,Civil
8826,SOE,Civil
1094,SOE,Civil
28220,SOE,Civil
2368,SOE,Civil
4284,SOE,Civil
36542,SOE,Civil
3823,SOE,Civil
16742,SOE,Civil
29203,SOE,Civil
37754,SOE,Civil
32724,SOE,Civil
33862,SOE,Civil
8371,SOE,Civil
52756,SOE,Civil
27376,SOE,Civil
48269,SOE,Civil
44257,SOE,Civil
52063,SOE,Civil
52337,SOE,Civil
26210,SOE,Civil
5758,SOE,Civil
3401,SOE,Civil
25889,SOE,Civil
52662,SOE,Civil
41492,SOE,Civil
44941,SOE,Civil
8044,SOE,Civil
30868,SOE,Civil
48529,SOE,Civil
5466,SOE,Civil
27931,SOE,Civil
31726,SOE,Civil
34940,SOE,Civil
1519,SOE,Civil
12933,SOE,Civil
30464,SOE,Civil
18935,SOE,Civil
31133,SOE,Civil
23786,SOE,Civil
3491,SOE,Civil
49845,SOE,Civil
15000,SOE,Civil
20759,SOE,Civil
15088,SOE,Civil
20730,SOE,Civil
28415,SOE,Civil
11653,SOE,Civil
18207,SOE,Civil
53376,SOE,Civil
5224,SOE,Civil
39906,SOE,Civil
8026,SOE,Civil
18661,SOE,Civil
23650,SOE,Civil
10320,SOE,Civil
30413,SOE,Civil
17847,SOE,Civil
3455,SOE,Civil
44970,SOE,Civil
9479,SOE,Civil
9722,SOE,Civil
9983,SOE,Civil
53038,SOE,Civil
17382,SOE,Civil
3783,SOE,Civil
2698,SOE,Civil
27091,SOE,Civil
50444,SOE,Civil
35991,SOE,Civil
32034,SOE,Civil
51312,SOE,Civil
45437,SOE,Civil
39239,SOE,Civil
8842,SOE,Civil
36850,SOE,Civil
16173,SOE,Civil
38778,SOE,Civil
36937,SOE,Civil
37530,SOE,Civil
44734,SOE,Civil
9716,SOE,Civil
30524,SOE,Civil
15108,SOE,Civil
24837,SOE,Civil
44073,SOE,Civil
39905,SOE,Civil
30090,SOE,Civil
48757,SOE,Civil
27487,SOE,Civil
11580,SOE,Civil
45954,SOE,Civil
12659,SOE,Civil
21592,SOE,Civil
8251,SOE,Civil
33752,SOE,Civil
45469,SOE,Civil
8394,SOE,Civil
26159,SOE,Civil
39256,SOE,Civil
37924,SOE,Civil
48172,SOE,Civil
37152,SOE,Civil
53421,SOE,Civil
16037,SOE,Civil
41649,SOE,Civil
33336,SOE,Civil
27987,SOE,Civil
37387,SOE,Civil
13918,SOE,Civil
48485,SOE,Civil
13901,SOE,Civil
28240,SOE,Civil
14359,SOE,Civil
17121,SOE,Civil
45548,SOE,Civil
23591,SOE,Civil
49432,SOE,Civil
8461,SOE,Civil
45914,SOE,Civil
6261,SOE,Civil
2974,SOE,Civil
37239,SOE,Civil
51013,SOE,Civil
24719,SOE,Civil
17693,SOE,Civil
30231,SOE,Civil
24184,SOE,Civil
44740,SOE,Civil
32036,SOE,Civil
44940,SOE,Civil
8257,SOE,Civil
51376,SOE,Civil
34695,SOE,Civil
33173,SOE,Civil
39386,SOE,Civil
23334,SOE,Civil
17227,SOE,Civil
14371,SOE,Civil
51156,SOE,Civil
52098,SOE,Civil
40372,SOE,Civil
52726,SOE,Civil
24547,SOE,Civil
17677,SOE,Civil
14574,SOE,Civil
2966,SOE,Civil
46361,SOE,Civil
48645,SOE,Civil
45696,SOE,Civil
30337,SOE,Civil
31171,SOE,Civil
16674,SOE,Civil
28918,SOE,Civil
37095,SOE,Civil
6802,SOE,Civil
24817,SOE,Civil
22514,SOE,Civil
19016,SOE,Civil
49821,SOE,Civil
17885,SOE,Civil
31224,SOE,Civil
9335,SOE,Civil
51140,SOE,Civil
29240,SOE,Civil
19492,SOE,Civil
42511,SOE,Civil
52095,SOE,Civil
48799,SOE,Civil
2448,SOE,Civil
46883,SOE,Civil
47402,SOE,Civil
35980,SOE,Civil
1566,SOE,Civil
11640,SOE,Civil
13402,SOE,Civil
16430,SOE,Civil
7989,SOE,Civil
5030,SOE,Civil
4448,SOE,Civil
5703,SOE,Civil
3646,SOE,Civil
36152,SOE,Civil
9101,SOE,Civil
15645,SOE,Civil
47231,SOE,Civil
13625,SOE,Civil
20233,SOE,Civil
4663,SOE,Civil
42804,SOE,Civil
5465,SOE,Civil
48505,SOE,Civil
41361,SOE,Civil
34629,SOE,Civil
36285,SOE,Civil
22033,SOE,Civil
3268,SOE,Civil
16736,SOE,Civil
20554,SOE,Civil
17189,SOE,Civil
17754,SOE,Civil
23956,SOE,Civil
4162,SOE,Civil
13619,SOE,Civil
32511,SOE,Civil
13791,SOE,Civil
44207,SOE,Civil
48357,SOE,Civil
9746,SOE,Civil
13929,SOE,Civil
3271,SOE,Civil
10405,SOE,Civil
44069,SOE,Civil
9344,SOE,Civil
48317,SOE,Civil
40236,SOE,Civil
44807,SOE,Civil
17445,SOE,Civil
13767,SOE,Civil
122,SOE,Civil
27306,SOE,Civil
13072,SOE,Civil
1918,SOE,Civil
14181,SOE,Civil
29989,SOE,Civil
51446,SOE,Civil
21234,SOE,Civil
24322,SOE,Civil
27271,SOE,Civil
46898,SOE,Civil
53266,SOE,GE
13678,SOE,GE
48992,SOE,GE
50652,SOE,GE
36235,SOE,GE
39631,SOE,GE
1360,SOE,GE
4718,SOE,GE
7303,SOE,GE
27984,SOE,GE
12104,SOE,GE
22585,SOE,GE
11565,SOE,GE
20113,SOE,GE
42444,SOE,GE
11612,SOE,GE
9432,SOE,GE
23695,SOE,GE
13191,SOE,GE
32429,SOE,GE
24609,SOE,GE
16420,SOE,GE
45494,SOE,GE
35868,SOE,GE
21694,SOE,GE
39315,SOE,GE
53341,SOE,GE
42509,SOE,GE
16729,SOE,GE
33639,SOE,GE
2113,SOE,GE
31776,SOE,GE
32448,SOE,GE
26551,SOE,GE
4788,SOE,GE
48684,SOE,GE
52746,SOE,GE
10389,SOE,GE
28429,SOE,GE
10635,SOE,GE
16745,SOE,GE
970,SOE,GE
17139,SOE,GE
28742,SOE,GE
23602,SOE,GE
5232,SOE,GE
32761,SOE,GE
39249,SOE,GE
5532,SOE,GE
48096,SOE,GE
39982,SOE,GE
52055,SOE,GE
53014,SOE,GE
22924,SOE,GE
52802,SOE,GE
42493,SOE,GE
42618,SOE,GE
16116,SOE,GE
16513,SOE,GE
21984,SOE,GE
45388,SOE,GE
14602,SOE,GE
10734,SOE,GE
34012,SOE,GE
42072,SOE,GE
35918,SOE,GE
21256,SOE,GE
13870,SOE,GE
47197,SOE,GE
44793,SOE,GE
43967,SOE,GE
35995,SOE,GE
37282,SOE,GE
49394,SOE,GE
33462,SOE,GE
1396,SOE,GE
34734,SOE,GE
15863,SOE,GE
39775,SOE,GE
31170,SOE,GE
7736,SOE,GE
10406,SOE,GE
27223,SOE,GE
25921,SOE,GE
16114,SOE,GE
10669,SOE,GE
8926,SOE,GE
40261,SOE,GE
20697,SOE,GE
45533,SOE,GE
10142,SOE,GE
33356,SOE,GE
38287,SOE,GE
39109,SOE,GE
38420,SOE,GE
7154,SOE,GE
20743,SOE,GE
10339,SOE,GE
18263,SOE,GE
49276,SOE,GE
34604,SOE,GE
32796,SOE,GE
23609,SOE,GE
26535,SOE,GE
52424,SOE,GE
41617,SOE,GE
27302,SOE,GE
41865,SOE,GE
26515,SOE,GE
13482,SOE,GE
26018,SOE,GE
52904,SOE,GE
28337,SOE,GE
30956,SOE,GE
1223,SOE,GE
19550,SOE,GE
16509,SOE,GE
31424,SOE,GE
6044,SOE,GE
6322,SOE,GE
45932,SOE,GE
18580,SOE,GE
30161,SOE,GE
25912,SOE,GE
17713,SOE,GE
14053,SOE,GE
10182,SOE,GE
37898,SOE,GE
27823,SOE,GE
36690,SOE,GE
11183,SOE,GE
33155,SOE,GE
41453,SOE,GE
10923,SOE,GE
39878,SOE,GE
4068,SOE,GE
31951,SOE,GE
9230,SOE,GE
41580,SOE,GE
14380,SOE,GE
15114,SOE,GE
32609,SOE,GE
37207,SOE,GE
17783,SOE,GE
12460,SOE,GE
52955,SOE,GE
44840,SOE,GE
1477,SOE,GE
26906,SOE,GE
2445,SOE,GE
40861,SOE,GE
7133,SOE,GE
46663,SOE,GE
26375,SOE,GE
13532,SOE,GE
1982,SOE,GE
14147,SOE,GE
46574,SOE,GE
26396,SOE,GE
15410,SOE,GE
53045,SOE,GE
18460,SOE,GE
20084,SOE,GE
1092,SOE,GE
46460,SOE,GE
45148,SOE,GE
9522,SOE,GE
34124,SOE,GE
12597,SOE,GE
29513,SOE,GE
13812,SOE,GE
10421,SOE,GE
27064,SOE,GE
1557,SOE,GE
15965,SOE,GE
2462,SOE,GE
11852,SOE,GE
18646,SOE,GE
12109,SOE,GE
19823,SOE,GE
50822,SOE,GE
19321,SOE,GE
49582,SOE,GE
34297,SOE,GE
46151,SOE,GE
9831,SOE,GE
52644,SOE,GE
31551,SOE,GE
14783,SOE,GE
20289,SOE,GE
49253,SOE,GE
32312,SOE,GE
15429,SOE,GE
50742,SOE,GE
46223,SOE,GE
31304,SOE,GE
47830,SOE,GE
584,SOE,GE
12847,SOE,GE
46227,SOE,GE
27018,SOE,GE
36991,SOE,GE
35727,SOE,GE
37205,SOE,GE
39250,SOE,GE
38482,SOE,GE
43773,SOE,GE
47315,SOE,GE
44446,SOE,GE
34724,SOE,GE
10766,SOE,GE
1904,SOE,GE
20304,SOE,GE
24018,SOE,GE
9322,SOE,GE
5783,SOE,GE
5049,SOE,GE
46250,SOE,GE
21252,SOE,GE
45652,SOE,GE
22696,SOE,GE
37818,SOE,GE
13127,SOE,GE
38886,SOE,GE
18225,SOE,GE
34980,SOE,GE
41086,SOE,GE
25992,SOE,GE
20024,SOE,GE
17937,SOE,GE
43556,SOE,GE
52791,SOE,GE
2881,SOE,GE
52714,SOE,GE
17496,SOE,GE
19989,SOE,GE
31076,SOE,GE
21159,SOE,GE
10181,SOE,GE
43776,SOE,GE
37518,SOE,GE
34134,SOE,GE
28580,SOE,GE
40129,SOE,GE
49061,SOE,GE
6673,SOE,GE
14636,SOE,GE
47054,SOE,GE
6850,SOE,GE
33509,SOE,GE
41690,SOE,GE
37730,SOE,GE
6724,SOE,GE
8557,SOE,GE
33522,SOE,GE
38406,SOE,GE
18017,SOE,GE
10620,SOE,GE
36558,SOE,GE
15612,SOE,GE
2099,SOE,GE
1485,SOE,GE
40780,SOE,GE
46404,SOE,GE
37247,SOE,GE
45663,SOE,GE
1812,SOE,GE
17240,SOE,GE
48484,SOE,GE
51058,SOE,GE
44199,SOE,GE
50400,SOE,GE
14822,SOE,GE
39377,SOE,GE
3458,SOE,GE
22794,SOE,GE
31057,SOE,GE
6181,SOE,GE
24743,SOE,GE
38398,SOE,GE
3585,SOE,Che
24568,SOE,Che
22879,SOE,Che
9585,SOE,Che
50870,SOE,Che
51160,SOE,Che
11163,SOE,Che
44080,SOE,Che
32361,SOE,Che
35994,SOE,Che
22174,SOE,Che
22195,SOE,Che
33475,SOE,Che
5479,SOE,Che
8155,SOE,Che
24703,SOE,Che
26,SOE,Che
35198,SOE,Che
42605,SOE,Che
13342,SOE,Che
171,SOE,Che
31368,SOE,Che
51449,SOE,Che
15231,SOE,Che
31130,SOE,Che
25535,SOE,Che
5692,SOE,Che
9576,SOE,Che
28730,SOE,Che
1003,SOE,Che
46247,SOE,Che
21127,SOE,Che
50112,SOE,Che
37992,SOE,Che
6250,SOE,Che
7918,SOE,Che
7421,SOE,Che
36671,SOE,Che
44423,SOE,Che
6002,SOE,Che
107,SOE,Che
13218,SOE,Che
42416,SOE,Che
22619,SOE,Che
44007,SOE,Che
50481,SOE,Che
31128,SOE,Che
17686,SOE,Che
12743,SOE,Che
39276,SOE,Che
6625,SOE,Che
32736,SOE,Che
17351,SOE,Che
36552,SOE,Che
52602,SOE,Che
27911,SOE,Che
570,SOE,Che
39844,SOE,Che
27573,SOE,Che
51770,SOE,Che
17649,SOE,Che
11717,SOE,Che
41943,SOE,Che
38988,SOE,Che
48404,SOE,Che
13620,SOE,Che
30852,SOE,Che
16216,SOE,Che
36163,SOE,Che
18238,SOE,Che
14826,SOE,Che
33557,SOE,Che
38133,SOE,Che
30675,SOE,Che
35147,SOE,Che
19922,SOE,Che
25893,SOE,Che
2989,SOE,Che
43163,SOE,Che
27200,SOE,Che
41532,SOE,Che
34158,SOE,Che
50873,SOE,Che
515,SOE,Che
9275,SOE,Che
17484,SOE,Che
48358,SOE,Che
48040,SOE,Che
44314,SOE,Che
2158,SOE,Che
19176,SOE,Che
14172,SOE,Che
51585,SOE,Che
51041,SOE,Che
52774,SOE,Che
42215,SOE,Che
22102,SOE,Che
23363,SOE,Che
53110,SOE,Che
344,SOE,Che
43440,SOE,Che
1674,SOE,Che
41960,SOE,Che
49243,SOE,Che
5298,SOE,Che
45204,SOE,Che
36434,SOE,Che
30803,SOE,Che
50200,SOE,Che
29439,SOE,Che
43186,SOE,Che
42418,SOE,Che
26341,SOE,Che
37481,SOE,Che
49401,SOE,Che
23236,SOE,Che
43628,SOE,Che
21789,SOE,Che
45227,SOE,Che
20760,SOE,Che
53235,SOE,Che
47841,SOE,Che
47071,SOE,Che
9169,SOE,Che
48506,SOE,Che
40999,SOE,Che
21714,SOE,Che
30357,SOE,Che
35111,SOE,Che
34198,SOE,Che
28445,SOE,Che
30116,SOE,Che
3560,SOE,Che
5407,SOE,Che
49602,SOE,Che
52854,SOE,Che
4611,SOE,Che
22416,SOE,Che
32493,SOE,Che
51741,SOE,Che
10838,SOE,Che
15749,SOE,Che
8227,SOE,Che
7364,SOE,Che
36109,SOE,Che
13436,SOE,Che
24508,SOE,Che
36140,SOE,Che
17598,SOE,Che
13880,SOE,Che
51925,SOE,Che
37407,SOE,Che
12408,SOE,Che
34927,SOE,Che
38062,SOE,Che
37571,SOE,Che
37416,SOE,Che
15895,SOE,Che
1197,SOE,Che
3859,SOE,Che
11110,SOE,Che
12795,SOE,Che
8035,SOE,Che
19138,SOE,Che
44251,SOE,Che
39925,SOE,Che
48911,SOE,Che
7370,SOE,Che
7111,SOE,Che
5730,SOE,Che
21216,SOE,Che
30492,SOE,Che
4684,SOE,Che
7567,SOE,Che
24296,SOE,Che
12622,SOE,Che
52760,SOE,Che
45106,SOE,Che
8627,SOE,Che
2019,SOE,Che
37941,SOE,Che
8875,SOE,Che
19179,SOE,Che
14010,SOE,Che
51612,SOE,Che
3096,SOE,Che
37323,SOE,Che
36316,SOE,Che
25972,SOE,Che
51401,SOE,Che
5897,SOE,Che
52019,SOE,Che
36363,SOE,Che
51445,SOE,Che
17053,SOE,Che
3281,SOE,Che
6613,SOE,Che
47676,SOE,Che
37115,SOE,Che
28690,SOE,Che
